codigo_actividad,codigo_participante,estado_asistencia,completo_actividad,horas_participacion,fecha_registro
ACT-001,PAR-032,Presente,True,6.0,2024-03-10
ACT-001,PAR-049,Presente,True,6.0,2024-03-10
ACT-001,PAR-053,Presente,True,6.0,2024-03-10
ACT-001,PAR-055,Presente,True,6.0,2024-03-10
ACT-001,PAR-074,Presente,True,6.0,2024-03-10
ACT-001,PAR-090,Presente,True,6.0,2024-03-10
ACT-001,PAR-097,Presente,True,6.0,2024-03-10
ACT-001,PAR-098,Ausente,False,0.0,2024-03-10
ACT-001,PAR-104,Presente,True,6.0,2024-03-10
ACT-001,PAR-112,Presente,True,6.0,2024-03-10
ACT-001,PAR-113,Presente,True,6.0,2024-03-10
ACT-001,PAR-070,Presente,True,6.0,2024-03-10
ACT-001,PAR-093,Presente,True,6.0,2024-03-10
ACT-001,PAR-135,Presente,True,6.0,2024-03-10
ACT-001,PAR-107,Presente,True,6.0,2024-03-10
ACT-001,PAR-143,Presente,True,6.0,2024-03-10
ACT-001,PAR-051,Presente,True,6.0,2024-03-10
ACT-001,PAR-068,Presente,True,6.0,2024-03-10
ACT-001,PAR-105,Presente,True,6.0,2024-03-10
ACT-001,PAR-099,Presente,True,6.0,2024-03-10
ACT-001,PAR-008,Presente,False,4.67,2024-03-10
ACT-001,PAR-059,Presente,False,4.7,2024-03-10
ACT-001,PAR-047,Presente,True,6.0,2024-03-10
ACT-001,PAR-019,Presente,True,6.0,2024-03-10
ACT-002,PAR-001,Presente,True,8.0,2024-04-16
ACT-002,PAR-005,Presente,True,8.0,2024-04-16
ACT-002,PAR-007,Presente,True,8.0,2024-04-16
ACT-002,PAR-010,Presente,True,8.0,2024-04-16
ACT-002,PAR-017,Presente,True,8.0,2024-04-16
ACT-002,PAR-039,Presente,True,8.0,2024-04-16
ACT-002,PAR-067,Presente,True,8.0,2024-04-16
ACT-002,PAR-072,Presente,True,8.0,2024-04-16
ACT-002,PAR-086,Presente,False,5.81,2024-04-16
ACT-002,PAR-103,Presente,True,8.0,2024-04-16
ACT-002,PAR-110,Presente,True,8.0,2024-04-16
ACT-002,PAR-120,Presente,True,8.0,2024-04-16
ACT-002,PAR-123,Ausente,False,0.0,2024-04-16
ACT-002,PAR-126,Presente,True,8.0,2024-04-16
ACT-002,PAR-003,Presente,True,8.0,2024-04-16
ACT-002,PAR-052,Presente,True,8.0,2024-04-16
ACT-002,PAR-077,Presente,True,8.0,2024-04-16
ACT-002,PAR-036,Presente,True,8.0,2024-04-16
ACT-002,PAR-025,Ausente,False,0.0,2024-04-16
ACT-002,PAR-130,Presente,True,8.0,2024-04-16
ACT-002,PAR-083,Presente,True,8.0,2024-04-16
ACT-002,PAR-114,Presente,True,8.0,2024-04-16
ACT-002,PAR-137,Presente,True,8.0,2024-04-16
ACT-002,PAR-091,Presente,True,8.0,2024-04-16
ACT-002,PAR-015,Presente,True,8.0,2024-04-16
ACT-002,PAR-085,Ausente,False,0.0,2024-04-16
ACT-002,PAR-029,Ausente,False,0.0,2024-04-16
ACT-002,PAR-078,Presente,False,5.64,2024-04-16
ACT-002,PAR-073,Presente,False,6.36,2024-04-16
ACT-002,PAR-054,Presente,False,5.28,2024-04-16
ACT-002,PAR-117,Ausente,False,0.0,2024-04-16
ACT-012,PAR-137,Presente,True,7.0,2025-02-04
ACT-012,PAR-114,Presente,True,7.0,2025-02-04
ACT-012,PAR-083,Presente,True,7.0,2025-02-04
ACT-012,PAR-001,Presente,True,7.0,2025-02-04
ACT-012,PAR-003,Retiro temprano,False,4.12,2025-02-04
ACT-012,PAR-066,Presente,True,7.0,2025-02-04
ACT-012,PAR-067,Presente,True,7.0,2025-02-04
ACT-012,PAR-010,Presente,False,4.77,2025-02-04
ACT-012,PAR-130,Presente,True,7.0,2025-02-04
ACT-012,PAR-120,Presente,True,7.0,2025-02-04
ACT-012,PAR-100,Presente,True,7.0,2025-02-04
ACT-012,PAR-124,Presente,False,4.38,2025-02-04
ACT-012,PAR-073,Presente,True,7.0,2025-02-04
ACT-012,PAR-091,Presente,True,7.0,2025-02-04
ACT-012,PAR-110,Presente,True,7.0,2025-02-04
ACT-012,PAR-025,Presente,True,7.0,2025-02-04
ACT-012,PAR-035,Presente,True,7.0,2025-02-04
ACT-012,PAR-036,Presente,False,5.67,2025-02-04
ACT-012,PAR-029,Presente,True,7.0,2025-02-04
ACT-012,PAR-081,Presente,True,7.0,2025-02-04
ACT-012,PAR-086,Presente,True,7.0,2025-02-04
ACT-012,PAR-005,Presente,True,7.0,2025-02-04
ACT-012,PAR-072,Presente,True,7.0,2025-02-04
ACT-012,PAR-117,Presente,True,7.0,2025-02-04
ACT-012,PAR-092,Presente,True,7.0,2025-02-04
ACT-012,PAR-012,Presente,True,7.0,2025-02-04
ACT-012,PAR-054,Presente,True,7.0,2025-02-04
ACT-012,PAR-064,Presente,True,7.0,2025-02-04
ACT-032,PAR-029,Presente,True,5.0,2025-05-29
ACT-032,PAR-017,Presente,True,5.0,2025-05-29
ACT-032,PAR-001,Presente,False,3.18,2025-05-29
ACT-032,PAR-137,Presente,True,5.0,2025-05-29
ACT-032,PAR-054,Presente,True,5.0,2025-05-29
ACT-032,PAR-072,Presente,True,5.0,2025-05-29
ACT-032,PAR-135,Presente,True,5.0,2025-05-29
ACT-032,PAR-130,Presente,True,5.0,2025-05-29
ACT-032,PAR-105,Presente,True,5.0,2025-05-29
ACT-032,PAR-112,Presente,False,3.31,2025-05-29
ACT-032,PAR-008,Presente,True,5.0,2025-05-29
ACT-032,PAR-049,Retiro temprano,False,1.76,2025-05-29
ACT-032,PAR-064,Ausente,False,0.0,2025-05-29
ACT-032,PAR-116,Ausente,False,0.0,2025-05-29
ACT-032,PAR-099,Presente,True,5.0,2025-05-29
ACT-032,PAR-016,Presente,True,5.0,2025-05-29
ACT-032,PAR-113,Presente,True,5.0,2025-05-29
ACT-032,PAR-077,Presente,True,5.0,2025-05-29
ACT-032,PAR-032,Presente,True,5.0,2025-05-29
ACT-032,PAR-074,Presente,True,5.0,2025-05-29
ACT-032,PAR-048,Presente,True,5.0,2025-05-29
ACT-032,PAR-107,Presente,True,5.0,2025-05-29
ACT-032,PAR-124,Presente,False,3.11,2025-05-29
ACT-032,PAR-070,Presente,True,5.0,2025-05-29
ACT-032,PAR-089,Presente,True,5.0,2025-05-29
ACT-032,PAR-019,Presente,True,5.0,2025-05-29
ACT-032,PAR-100,Presente,True,5.0,2025-05-29
ACT-032,PAR-012,Presente,True,5.0,2025-05-29
ACT-032,PAR-037,Presente,True,5.0,2025-05-29
ACT-032,PAR-083,Ausente,False,0.0,2025-05-29
ACT-032,PAR-002,Presente,True,5.0,2025-05-29
ACT-032,PAR-093,Presente,True,5.0,2025-05-29
ACT-032,PAR-007,Presente,True,5.0,2025-05-29
ACT-032,PAR-068,Presente,True,5.0,2025-05-29
ACT-032,PAR-096,Presente,True,5.0,2025-05-29
ACT-032,PAR-052,Presente,True,5.0,2025-05-29
ACT-032,PAR-117,Presente,True,5.0,2025-05-29
ACT-032,PAR-098,Presente,True,5.0,2025-05-29
ACT-032,PAR-120,Presente,True,5.0,2025-05-29
ACT-038,PAR-093,Presente,False,3.91,2025-07-10
ACT-038,PAR-016,Presente,True,5.0,2025-07-10
ACT-038,PAR-051,Presente,True,5.0,2025-07-10
ACT-038,PAR-099,Presente,False,4.37,2025-07-10
ACT-038,PAR-070,Presente,True,5.0,2025-07-10
ACT-038,PAR-140,Presente,True,5.0,2025-07-10
ACT-038,PAR-112,Presente,True,5.0,2025-07-10
ACT-038,PAR-097,Presente,True,5.0,2025-07-10
ACT-038,PAR-113,Presente,True,5.0,2025-07-10
ACT-038,PAR-108,Presente,True,5.0,2025-07-10
ACT-038,PAR-055,Presente,True,5.0,2025-07-10
ACT-038,PAR-008,Presente,True,5.0,2025-07-10
ACT-038,PAR-098,Presente,True,5.0,2025-07-10
ACT-038,PAR-105,Presente,True,5.0,2025-07-10
ACT-038,PAR-090,Presente,False,3.42,2025-07-10
ACT-038,PAR-027,Presente,True,5.0,2025-07-10
ACT-038,PAR-107,Presente,True,5.0,2025-07-10
ACT-038,PAR-059,Ausente,False,0.0,2025-07-10
ACT-038,PAR-037,Presente,True,5.0,2025-07-10
ACT-038,PAR-135,Presente,True,5.0,2025-07-10
ACT-038,PAR-002,Presente,True,5.0,2025-07-10
ACT-038,PAR-032,Presente,True,5.0,2025-07-10
ACT-038,PAR-068,Presente,True,5.0,2025-07-10
ACT-038,PAR-047,Presente,True,5.0,2025-07-10
ACT-038,PAR-104,Presente,True,5.0,2025-07-10
ACT-038,PAR-048,Presente,True,5.0,2025-07-10
ACT-038,PAR-049,Presente,True,5.0,2025-07-10
ACT-038,PAR-019,Presente,True,5.0,2025-07-10
ACT-038,PAR-116,Ausente,False,0.0,2025-07-10
ACT-038,PAR-053,Presente,True,5.0,2025-07-10
ACT-038,PAR-074,Presente,True,5.0,2025-07-10
ACT-038,PAR-143,Presente,True,5.0,2025-07-10
ACT-026,PAR-070,Presente,True,6.0,2025-08-10
ACT-026,PAR-107,Presente,True,6.0,2025-08-10
ACT-026,PAR-135,Retiro temprano,False,3.23,2025-08-10
ACT-026,PAR-143,Presente,True,6.0,2025-08-10
ACT-026,PAR-047,Ausente,False,0.0,2025-08-10
ACT-026,PAR-027,Presente,True,6.0,2025-08-10
ACT-026,PAR-099,Presente,True,6.0,2025-08-10
ACT-026,PAR-097,Retiro temprano,False,3.37,2025-08-10
ACT-026,PAR-116,Presente,True,6.0,2025-08-10
ACT-026,PAR-053,Presente,True,6.0,2025-08-10
ACT-026,PAR-049,Presente,True,6.0,2025-08-10
ACT-026,PAR-055,Retiro temprano,False,1.82,2025-08-10
ACT-026,PAR-112,Presente,False,4.82,2025-08-10
ACT-026,PAR-105,Presente,True,6.0,2025-08-10
ACT-026,PAR-048,Presente,True,6.0,2025-08-10
ACT-026,PAR-059,Presente,True,6.0,2025-08-10
ACT-026,PAR-140,Presente,True,6.0,2025-08-10
ACT-026,PAR-074,Presente,True,6.0,2025-08-10
ACT-026,PAR-068,Presente,True,6.0,2025-08-10
ACT-026,PAR-093,Presente,True,6.0,2025-08-10
ACT-026,PAR-108,Presente,True,6.0,2025-08-10
ACT-026,PAR-037,Presente,True,6.0,2025-08-10
ACT-026,PAR-002,Presente,True,6.0,2025-08-10
ACT-026,PAR-113,Presente,True,6.0,2025-08-10
ACT-026,PAR-016,Retiro temprano,False,2.89,2025-08-10
ACT-026,PAR-098,Presente,True,6.0,2025-08-10
ACT-022,PAR-032,Presente,True,8.0,2025-09-24
ACT-022,PAR-049,Presente,False,6.07,2025-09-24
ACT-022,PAR-053,Presente,True,8.0,2025-09-24
ACT-022,PAR-055,Retiro temprano,False,4.38,2025-09-24
ACT-022,PAR-074,Presente,True,8.0,2025-09-24
ACT-022,PAR-090,Presente,True,8.0,2025-09-24
ACT-022,PAR-097,Presente,False,5.14,2025-09-24
ACT-022,PAR-098,Presente,True,8.0,2025-09-24
ACT-022,PAR-104,Presente,False,7.12,2025-09-24
ACT-022,PAR-112,Presente,True,8.0,2025-09-24
ACT-022,PAR-113,Presente,True,8.0,2025-09-24
ACT-022,PAR-070,Presente,True,8.0,2025-09-24
ACT-022,PAR-002,Presente,True,8.0,2025-09-24
ACT-022,PAR-099,Presente,True,8.0,2025-09-24
ACT-022,PAR-116,Presente,True,8.0,2025-09-24
ACT-022,PAR-008,Presente,True,8.0,2025-09-24
ACT-022,PAR-135,Presente,True,8.0,2025-09-24
ACT-022,PAR-048,Presente,True,8.0,2025-09-24
ACT-022,PAR-093,Retiro temprano,False,4.38,2025-09-24
ACT-022,PAR-037,Presente,True,8.0,2025-09-24
ACT-022,PAR-107,Presente,True,8.0,2025-09-24
ACT-022,PAR-108,Presente,True,8.0,2025-09-24
ACT-022,PAR-051,Presente,True,8.0,2025-09-24
ACT-022,PAR-019,Presente,True,8.0,2025-09-24
ACT-022,PAR-143,Presente,True,8.0,2025-09-24
ACT-022,PAR-105,Presente,True,8.0,2025-09-24
ACT-022,PAR-140,Presente,True,8.0,2025-09-24
ACT-022,PAR-068,Presente,True,8.0,2025-09-24
ACT-022,PAR-016,Presente,True,8.0,2025-09-24
ACT-022,PAR-027,Presente,False,4.88,2025-09-24
ACT-016,PAR-098,Presente,True,8.0,2025-09-30
ACT-016,PAR-108,Presente,True,8.0,2025-09-30
ACT-016,PAR-049,Presente,True,8.0,2025-09-30
ACT-016,PAR-016,Presente,True,8.0,2025-09-30
ACT-016,PAR-048,Presente,True,8.0,2025-09-30
ACT-016,PAR-002,Retiro temprano,False,3.99,2025-09-30
ACT-016,PAR-027,Ausente,False,0.0,2025-09-30
ACT-016,PAR-099,Ausente,False,0.0,2025-09-30
ACT-016,PAR-051,Presente,True,8.0,2025-09-30
ACT-016,PAR-032,Presente,True,8.0,2025-09-30
ACT-016,PAR-019,Retiro temprano,False,4.18,2025-09-30
ACT-016,PAR-055,Presente,True,8.0,2025-09-30
ACT-016,PAR-093,Presente,True,8.0,2025-09-30
ACT-016,PAR-070,Presente,True,8.0,2025-09-30
ACT-016,PAR-135,Presente,True,8.0,2025-09-30
ACT-016,PAR-059,Ausente,False,0.0,2025-09-30
ACT-016,PAR-074,Presente,True,8.0,2025-09-30
ACT-016,PAR-104,Presente,True,8.0,2025-09-30
ACT-016,PAR-105,Presente,True,8.0,2025-09-30
ACT-016,PAR-143,Presente,True,8.0,2025-09-30
ACT-016,PAR-008,Presente,True,8.0,2025-09-30
ACT-016,PAR-068,Presente,True,8.0,2025-09-30
ACT-016,PAR-053,Presente,True,8.0,2025-09-30
ACT-016,PAR-112,Ausente,False,0.0,2025-09-30
ACT-029,PAR-001,Ausente,False,0.0,2025-10-06
ACT-029,PAR-005,Presente,True,8.0,2025-10-06
ACT-029,PAR-007,Ausente,False,0.0,2025-10-06
ACT-029,PAR-017,Presente,True,8.0,2025-10-06
ACT-029,PAR-067,Presente,True,8.0,2025-10-06
ACT-029,PAR-072,Presente,True,8.0,2025-10-06
ACT-029,PAR-086,Retiro temprano,False,3.25,2025-10-06
ACT-029,PAR-103,Presente,True,8.0,2025-10-06
ACT-029,PAR-110,Presente,True,8.0,2025-10-06
ACT-029,PAR-120,Presente,True,8.0,2025-10-06
ACT-029,PAR-123,Presente,True,8.0,2025-10-06
ACT-029,PAR-126,Presente,True,8.0,2025-10-06
ACT-029,PAR-025,Presente,True,8.0,2025-10-06
ACT-029,PAR-029,Presente,True,8.0,2025-10-06
ACT-029,PAR-085,Presente,True,8.0,2025-10-06
ACT-029,PAR-064,Presente,False,7.14,2025-10-06
ACT-029,PAR-083,Presente,True,8.0,2025-10-06
ACT-029,PAR-052,Presente,True,8.0,2025-10-06
ACT-029,PAR-089,Presente,True,8.0,2025-10-06
ACT-029,PAR-081,Presente,True,8.0,2025-10-06
ACT-029,PAR-078,Presente,True,8.0,2025-10-06
ACT-029,PAR-100,Presente,True,8.0,2025-10-06
ACT-029,PAR-003,Presente,True,8.0,2025-10-06
ACT-029,PAR-066,Presente,True,8.0,2025-10-06
ACT-029,PAR-130,Presente,True,8.0,2025-10-06
ACT-029,PAR-137,Presente,True,8.0,2025-10-06
ACT-029,PAR-036,Presente,True,8.0,2025-10-06
ACT-029,PAR-054,Presente,True,8.0,2025-10-06
ACT-029,PAR-077,Presente,True,8.0,2025-10-06
ACT-029,PAR-012,Ausente,False,0.0,2025-10-06
ACT-029,PAR-114,Retiro temprano,False,2.78,2025-10-06
ACT-029,PAR-091,Presente,True,8.0,2025-10-06
ACT-029,PAR-117,Presente,True,8.0,2025-10-06
ACT-029,PAR-092,Presente,True,8.0,2025-10-06
ACT-029,PAR-015,Presente,True,8.0,2025-10-06
ACT-029,PAR-073,Ausente,False,0.0,2025-10-06
ACT-029,PAR-124,Presente,True,8.0,2025-10-06
ACT-019,PAR-001,Presente,True,6.0,2025-11-29
ACT-019,PAR-005,Presente,True,6.0,2025-11-29
ACT-019,PAR-007,Ausente,False,0.0,2025-11-29
ACT-019,PAR-017,Presente,True,6.0,2025-11-29
ACT-019,PAR-032,Presente,True,6.0,2025-11-29
ACT-019,PAR-049,Presente,True,6.0,2025-11-29
ACT-019,PAR-053,Presente,True,6.0,2025-11-29
ACT-019,PAR-055,Presente,True,6.0,2025-11-29
ACT-019,PAR-067,Ausente,False,0.0,2025-11-29
ACT-019,PAR-072,Presente,True,6.0,2025-11-29
ACT-019,PAR-074,Presente,True,6.0,2025-11-29
ACT-019,PAR-086,Presente,True,6.0,2025-11-29
ACT-019,PAR-090,Ausente,False,0.0,2025-11-29
ACT-019,PAR-097,Ausente,False,0.0,2025-11-29
ACT-019,PAR-098,Presente,True,6.0,2025-11-29
ACT-019,PAR-103,Presente,True,6.0,2025-11-29
ACT-019,PAR-104,Presente,True,6.0,2025-11-29
ACT-019,PAR-110,Presente,True,6.0,2025-11-29
ACT-019,PAR-112,Presente,True,6.0,2025-11-29
ACT-019,PAR-113,Presente,True,6.0,2025-11-29
ACT-019,PAR-120,Presente,True,6.0,2025-11-29
ACT-019,PAR-123,Retiro temprano,False,2.72,2025-11-29
ACT-019,PAR-126,Retiro temprano,False,2.72,2025-11-29
ACT-019,PAR-012,Presente,True,6.0,2025-11-29
ACT-019,PAR-029,Presente,True,6.0,2025-11-29
ACT-019,PAR-068,Presente,True,6.0,2025-11-29
ACT-019,PAR-015,Retiro temprano,False,2.16,2025-11-29
ACT-019,PAR-083,Presente,True,6.0,2025-11-29
ACT-019,PAR-091,Presente,True,6.0,2025-11-29
ACT-019,PAR-051,Presente,True,6.0,2025-11-29
ACT-015,PAR-089,Presente,True,6.0,2025-12-19
ACT-015,PAR-036,Presente,True,6.0,2025-12-19
ACT-015,PAR-100,Presente,True,6.0,2025-12-19
ACT-015,PAR-052,Presente,True,6.0,2025-12-19
ACT-015,PAR-083,Presente,True,6.0,2025-12-19
ACT-015,PAR-005,Presente,True,6.0,2025-12-19
ACT-015,PAR-066,Retiro temprano,False,1.91,2025-12-19
ACT-015,PAR-012,Retiro temprano,False,3.42,2025-12-19
ACT-015,PAR-137,Presente,True,6.0,2025-12-19
ACT-015,PAR-081,Presente,True,6.0,2025-12-19
ACT-015,PAR-110,Presente,True,6.0,2025-12-19
ACT-015,PAR-007,Presente,True,6.0,2025-12-19
ACT-015,PAR-001,Retiro temprano,False,2.47,2025-12-19
ACT-015,PAR-120,Presente,True,6.0,2025-12-19
ACT-015,PAR-103,Presente,True,6.0,2025-12-19
ACT-015,PAR-123,Presente,True,6.0,2025-12-19
ACT-015,PAR-015,Ausente,False,0.0,2025-12-19
ACT-015,PAR-091,Presente,True,6.0,2025-12-19
ACT-015,PAR-117,Presente,True,6.0,2025-12-19
ACT-015,PAR-072,Presente,True,6.0,2025-12-19
ACT-015,PAR-092,Presente,True,6.0,2025-12-19
ACT-003,PAR-155,Presente,True,8.0,2024-05-05
ACT-003,PAR-158,Presente,True,8.0,2024-05-05
ACT-003,PAR-159,Presente,True,8.0,2024-05-05
ACT-003,PAR-181,Presente,True,8.0,2024-05-05
ACT-003,PAR-185,Retiro temprano,False,2.91,2024-05-05
ACT-003,PAR-189,Presente,True,8.0,2024-05-05
ACT-003,PAR-191,Ausente,False,0.0,2024-05-05
ACT-003,PAR-162,Ausente,False,0.0,2024-05-05
ACT-003,PAR-190,Ausente,False,0.0,2024-05-05
ACT-003,PAR-167,Presente,True,8.0,2024-05-05
ACT-003,PAR-199,Presente,True,8.0,2024-05-05
ACT-003,PAR-198,Presente,True,8.0,2024-05-05
ACT-003,PAR-187,Presente,True,8.0,2024-05-05
ACT-003,PAR-153,Ausente,False,0.0,2024-05-05
ACT-003,PAR-148,Presente,True,8.0,2024-05-05
ACT-003,PAR-184,Presente,False,6.74,2024-05-05
ACT-003,PAR-192,Retiro temprano,False,3.45,2024-05-05
ACT-003,PAR-163,Retiro temprano,False,4.02,2024-05-05
ACT-003,PAR-174,Ausente,False,0.0,2024-05-05
ACT-004,PAR-150,Retiro temprano,False,2.16,2024-06-21
ACT-004,PAR-196,Presente,True,5.0,2024-06-21
ACT-004,PAR-195,Presente,True,5.0,2024-06-21
ACT-004,PAR-154,Ausente,False,0.0,2024-06-21
ACT-004,PAR-151,Ausente,False,0.0,2024-06-21
ACT-004,PAR-149,Presente,True,5.0,2024-06-21
ACT-004,PAR-183,Presente,True,5.0,2024-06-21
ACT-004,PAR-173,Ausente,False,0.0,2024-06-21
ACT-004,PAR-146,Presente,True,5.0,2024-06-21
ACT-004,PAR-172,Presente,True,5.0,2024-06-21
ACT-004,PAR-188,Ausente,False,0.0,2024-06-21
ACT-004,PAR-166,Presente,True,5.0,2024-06-21
ACT-004,PAR-161,Presente,True,5.0,2024-06-21
ACT-004,PAR-193,Presente,True,5.0,2024-06-21
ACT-004,PAR-170,Ausente,False,0.0,2024-06-21
ACT-004,PAR-168,Ausente,False,0.0,2024-06-21
ACT-004,PAR-182,Ausente,False,0.0,2024-06-21
ACT-004,PAR-178,Presente,True,5.0,2024-06-21
ACT-004,PAR-175,Presente,True,5.0,2024-06-21
ACT-004,PAR-156,Ausente,False,0.0,2024-06-21
ACT-004,PAR-169,Presente,True,5.0,2024-06-21
ACT-004,PAR-164,Ausente,False,0.0,2024-06-21
ACT-004,PAR-177,Presente,True,5.0,2024-06-21
ACT-004,PAR-200,Presente,True,5.0,2024-06-21
ACT-004,PAR-165,Presente,True,5.0,2024-06-21
ACT-004,PAR-176,Ausente,False,0.0,2024-06-21
ACT-004,PAR-180,Presente,True,5.0,2024-06-21
ACT-004,PAR-186,Ausente,False,0.0,2024-06-21
ACT-004,PAR-147,Presente,True,5.0,2024-06-21
ACT-004,PAR-194,Retiro temprano,False,2.12,2024-06-21
ACT-021,PAR-147,Presente,True,5.0,2024-11-10
ACT-021,PAR-150,Presente,True,5.0,2024-11-10
ACT-021,PAR-154,Presente,True,5.0,2024-11-10
ACT-021,PAR-161,Retiro temprano,False,2.67,2024-11-10
ACT-021,PAR-164,Presente,True,5.0,2024-11-10
ACT-021,PAR-171,Presente,True,5.0,2024-11-10
ACT-021,PAR-176,Ausente,False,0.0,2024-11-10
ACT-021,PAR-177,Presente,True,5.0,2024-11-10
ACT-021,PAR-178,Presente,True,5.0,2024-11-10
ACT-021,PAR-186,Retiro temprano,False,1.56,2024-11-10
ACT-021,PAR-188,Presente,True,5.0,2024-11-10
ACT-021,PAR-193,Presente,True,5.0,2024-11-10
ACT-021,PAR-197,Ausente,False,0.0,2024-11-10
ACT-021,PAR-175,Presente,True,5.0,2024-11-10
ACT-021,PAR-172,Presente,True,5.0,2024-11-10
ACT-021,PAR-200,Presente,True,5.0,2024-11-10
ACT-021,PAR-195,Ausente,False,0.0,2024-11-10
ACT-021,PAR-166,Presente,False,4.11,2024-11-10
ACT-021,PAR-168,Presente,True,5.0,2024-11-10
ACT-021,PAR-183,Presente,True,5.0,2024-11-10
ACT-021,PAR-151,Presente,True,5.0,2024-11-10
ACT-021,PAR-146,Presente,True,5.0,2024-11-10
ACT-021,PAR-169,Presente,True,5.0,2024-11-10
ACT-021,PAR-173,Presente,False,3.82,2024-11-10
ACT-021,PAR-180,Retiro temprano,False,1.62,2024-11-10
ACT-021,PAR-156,Presente,True,5.0,2024-11-10
ACT-021,PAR-196,Presente,True,5.0,2024-11-10
ACT-021,PAR-157,Presente,True,5.0,2024-11-10
ACT-021,PAR-149,Ausente,False,0.0,2024-11-10
ACT-021,PAR-165,Presente,True,5.0,2024-11-10
ACT-013,PAR-147,Presente,True,6.0,2024-12-02
ACT-013,PAR-150,Presente,True,6.0,2024-12-02
ACT-013,PAR-154,Presente,True,6.0,2024-12-02
ACT-013,PAR-161,Presente,True,6.0,2024-12-02
ACT-013,PAR-164,Presente,True,6.0,2024-12-02
ACT-013,PAR-171,Retiro temprano,False,3.12,2024-12-02
ACT-013,PAR-176,Presente,True,6.0,2024-12-02
ACT-013,PAR-177,Presente,True,6.0,2024-12-02
ACT-013,PAR-178,Presente,True,6.0,2024-12-02
ACT-013,PAR-186,Presente,True,6.0,2024-12-02
ACT-013,PAR-188,Presente,True,6.0,2024-12-02
ACT-013,PAR-193,Ausente,False,0.0,2024-12-02
ACT-013,PAR-197,Presente,True,6.0,2024-12-02
ACT-013,PAR-157,Presente,True,6.0,2024-12-02
ACT-013,PAR-172,Ausente,False,0.0,2024-12-02
ACT-013,PAR-168,Presente,True,6.0,2024-12-02
ACT-013,PAR-200,Presente,True,6.0,2024-12-02
ACT-013,PAR-183,Ausente,False,0.0,2024-12-02
ACT-013,PAR-151,Presente,True,6.0,2024-12-02
ACT-013,PAR-196,Presente,True,6.0,2024-12-02
ACT-013,PAR-169,Presente,True,6.0,2024-12-02
ACT-013,PAR-173,Presente,True,6.0,2024-12-02
ACT-013,PAR-175,Retiro temprano,False,2.16,2024-12-02
ACT-013,PAR-195,Ausente,False,0.0,2024-12-02
ACT-013,PAR-182,Presente,True,6.0,2024-12-02
ACT-013,PAR-156,Presente,True,6.0,2024-12-02
ACT-013,PAR-180,Presente,True,6.0,2024-12-02
ACT-013,PAR-165,Presente,True,6.0,2024-12-02
ACT-013,PAR-146,Presente,False,4.89,2024-12-02
ACT-013,PAR-166,Presente,True,6.0,2024-12-02
ACT-013,PAR-149,Presente,True,6.0,2024-12-02
ACT-018,PAR-147,Retiro temprano,False,2.33,2024-12-24
ACT-018,PAR-150,Retiro temprano,False,1.99,2024-12-24
ACT-018,PAR-154,Presente,True,4.0,2024-12-24
ACT-018,PAR-155,Presente,True,4.0,2024-12-24
ACT-018,PAR-158,Presente,True,4.0,2024-12-24
ACT-018,PAR-159,Ausente,False,0.0,2024-12-24
ACT-018,PAR-161,Presente,True,4.0,2024-12-24
ACT-018,PAR-164,Presente,True,4.0,2024-12-24
ACT-018,PAR-171,Presente,True,4.0,2024-12-24
ACT-018,PAR-176,Presente,True,4.0,2024-12-24
ACT-018,PAR-177,Presente,True,4.0,2024-12-24
ACT-018,PAR-178,Presente,True,4.0,2024-12-24
ACT-018,PAR-181,Presente,True,4.0,2024-12-24
ACT-018,PAR-185,Ausente,False,0.0,2024-12-24
ACT-018,PAR-186,Ausente,False,0.0,2024-12-24
ACT-018,PAR-188,Presente,True,4.0,2024-12-24
ACT-018,PAR-189,Ausente,False,0.0,2024-12-24
ACT-018,PAR-191,Presente,True,4.0,2024-12-24
ACT-018,PAR-193,Presente,True,4.0,2024-12-24
ACT-018,PAR-197,Presente,False,2.56,2024-12-24
ACT-018,PAR-187,Presente,True,4.0,2024-12-24
ACT-018,PAR-166,Presente,True,4.0,2024-12-24
ACT-018,PAR-196,Retiro temprano,False,1.5,2024-12-24
ACT-018,PAR-151,Ausente,False,0.0,2024-12-24
ACT-018,PAR-172,Presente,True,4.0,2024-12-24
ACT-018,PAR-184,Presente,True,4.0,2024-12-24
ACT-018,PAR-169,Presente,True,4.0,2024-12-24
ACT-018,PAR-148,Presente,True,4.0,2024-12-24
ACT-018,PAR-153,Retiro temprano,False,2.12,2024-12-24
ACT-018,PAR-174,Presente,True,4.0,2024-12-24
ACT-018,PAR-168,Presente,True,4.0,2024-12-24
ACT-018,PAR-200,Ausente,False,0.0,2024-12-24
ACT-018,PAR-175,Presente,True,4.0,2024-12-24
ACT-018,PAR-157,Presente,True,4.0,2024-12-24
ACT-018,PAR-180,Retiro temprano,False,1.26,2024-12-24
ACT-018,PAR-195,Presente,False,3.19,2024-12-24
ACT-018,PAR-149,Presente,True,4.0,2024-12-24
ACT-018,PAR-163,Presente,True,4.0,2024-12-24
ACT-018,PAR-167,Presente,True,4.0,2024-12-24
ACT-018,PAR-192,Presente,True,4.0,2024-12-24
ACT-018,PAR-165,Retiro temprano,False,1.88,2024-12-24
ACT-018,PAR-146,Retiro temprano,False,1.86,2024-12-24
ACT-018,PAR-190,Ausente,False,0.0,2024-12-24
ACT-018,PAR-198,Presente,False,2.74,2024-12-24
ACT-018,PAR-156,Presente,True,4.0,2024-12-24
ACT-018,PAR-183,Ausente,False,0.0,2024-12-24
ACT-018,PAR-173,Presente,True,4.0,2024-12-24
ACT-018,PAR-182,Presente,True,4.0,2024-12-24
ACT-024,PAR-196,Presente,True,6.0,2025-01-22
ACT-024,PAR-161,Presente,True,6.0,2025-01-22
ACT-024,PAR-171,Presente,True,6.0,2025-01-22
ACT-024,PAR-166,Presente,True,6.0,2025-01-22
ACT-024,PAR-200,Presente,True,6.0,2025-01-22
ACT-024,PAR-156,Presente,True,6.0,2025-01-22
ACT-024,PAR-193,Presente,False,5.01,2025-01-22
ACT-024,PAR-154,Presente,True,6.0,2025-01-22
ACT-024,PAR-183,Presente,True,6.0,2025-01-22
ACT-024,PAR-178,Retiro temprano,False,2.93,2025-01-22
ACT-024,PAR-169,Presente,True,6.0,2025-01-22
ACT-024,PAR-150,Retiro temprano,False,3.03,2025-01-22
ACT-024,PAR-182,Ausente,False,0.0,2025-01-22
ACT-024,PAR-147,Presente,True,6.0,2025-01-22
ACT-024,PAR-188,Ausente,False,0.0,2025-01-22
ACT-024,PAR-164,Presente,True,6.0,2025-01-22
ACT-024,PAR-151,Presente,True,6.0,2025-01-22
ACT-024,PAR-146,Presente,False,5.17,2025-01-22
ACT-024,PAR-168,Presente,True,6.0,2025-01-22
ACT-039,PAR-147,Presente,True,4.0,2025-05-11
ACT-039,PAR-150,Presente,True,4.0,2025-05-11
ACT-039,PAR-154,Retiro temprano,False,1.35,2025-05-11
ACT-039,PAR-155,Presente,True,4.0,2025-05-11
ACT-039,PAR-158,Presente,True,4.0,2025-05-11
ACT-039,PAR-161,Presente,True,4.0,2025-05-11
ACT-039,PAR-164,Presente,True,4.0,2025-05-11
ACT-039,PAR-171,Presente,True,4.0,2025-05-11
ACT-039,PAR-176,Presente,True,4.0,2025-05-11
ACT-039,PAR-177,Presente,True,4.0,2025-05-11
ACT-039,PAR-178,Presente,True,4.0,2025-05-11
ACT-039,PAR-181,Presente,True,4.0,2025-05-11
ACT-039,PAR-185,Presente,True,4.0,2025-05-11
ACT-039,PAR-186,Retiro temprano,False,2.0,2025-05-11
ACT-039,PAR-188,Presente,True,4.0,2025-05-11
ACT-039,PAR-191,Ausente,False,0.0,2025-05-11
ACT-039,PAR-193,Retiro temprano,False,2.06,2025-05-11
ACT-039,PAR-197,Ausente,False,0.0,2025-05-11
ACT-039,PAR-180,Presente,True,4.0,2025-05-11
ACT-039,PAR-151,Presente,True,4.0,2025-05-11
ACT-039,PAR-196,Presente,False,3.45,2025-05-11
ACT-039,PAR-190,Presente,True,4.0,2025-05-11
ACT-039,PAR-157,Presente,True,4.0,2025-05-11
ACT-039,PAR-148,Presente,False,2.51,2025-05-11
ACT-039,PAR-172,Presente,True,4.0,2025-05-11
ACT-039,PAR-146,Presente,False,3.5,2025-05-11
ACT-039,PAR-166,Retiro temprano,False,2.26,2025-05-11
ACT-039,PAR-192,Retiro temprano,False,2.3,2025-05-11
ACT-039,PAR-165,Presente,True,4.0,2025-05-11
ACT-039,PAR-187,Presente,False,3.55,2025-05-11
ACT-039,PAR-182,Presente,False,2.41,2025-05-11
ACT-039,PAR-169,Presente,True,4.0,2025-05-11
ACT-039,PAR-175,Presente,True,4.0,2025-05-11
ACT-039,PAR-156,Presente,True,4.0,2025-05-11
ACT-039,PAR-149,Presente,False,3.42,2025-05-11
ACT-039,PAR-174,Presente,True,4.0,2025-05-11
ACT-039,PAR-167,Ausente,False,0.0,2025-05-11
ACT-039,PAR-163,Ausente,False,0.0,2025-05-11
ACT-039,PAR-183,Presente,True,4.0,2025-05-11
ACT-039,PAR-200,Retiro temprano,False,2.08,2025-05-11
ACT-039,PAR-168,Presente,True,4.0,2025-05-11
ACT-014,PAR-147,Ausente,False,0.0,2025-07-29
ACT-014,PAR-150,Presente,True,5.0,2025-07-29
ACT-014,PAR-154,Presente,False,4.06,2025-07-29
ACT-014,PAR-155,Presente,True,5.0,2025-07-29
ACT-014,PAR-158,Presente,True,5.0,2025-07-29
ACT-014,PAR-161,Presente,True,5.0,2025-07-29
ACT-014,PAR-164,Retiro temprano,False,1.73,2025-07-29
ACT-014,PAR-171,Presente,True,5.0,2025-07-29
ACT-014,PAR-176,Retiro temprano,False,2.32,2025-07-29
ACT-014,PAR-177,Presente,True,5.0,2025-07-29
ACT-014,PAR-178,Presente,True,5.0,2025-07-29
ACT-014,PAR-181,Retiro temprano,False,2.63,2025-07-29
ACT-014,PAR-185,Presente,True,5.0,2025-07-29
ACT-014,PAR-186,Presente,True,5.0,2025-07-29
ACT-014,PAR-188,Ausente,False,0.0,2025-07-29
ACT-014,PAR-191,Presente,True,5.0,2025-07-29
ACT-014,PAR-193,Presente,True,5.0,2025-07-29
ACT-014,PAR-197,Presente,True,5.0,2025-07-29
ACT-014,PAR-156,Presente,True,5.0,2025-07-29
ACT-014,PAR-168,Ausente,False,0.0,2025-07-29
ACT-014,PAR-172,Presente,True,5.0,2025-07-29
ACT-014,PAR-187,Ausente,False,0.0,2025-07-29
ACT-014,PAR-146,Presente,True,5.0,2025-07-29
ACT-014,PAR-175,Presente,True,5.0,2025-07-29
ACT-014,PAR-169,Presente,True,5.0,2025-07-29
ACT-014,PAR-157,Presente,True,5.0,2025-07-29
ACT-014,PAR-151,Presente,True,5.0,2025-07-29
ACT-014,PAR-166,Presente,True,5.0,2025-07-29
ACT-014,PAR-174,Presente,True,5.0,2025-07-29
ACT-014,PAR-163,Retiro temprano,False,1.6,2025-07-29
ACT-014,PAR-148,Presente,False,3.1,2025-07-29
ACT-014,PAR-153,Presente,True,5.0,2025-07-29
ACT-014,PAR-167,Retiro temprano,False,2.65,2025-07-29
ACT-014,PAR-198,Presente,False,3.97,2025-07-29
ACT-014,PAR-184,Presente,False,3.57,2025-07-29
ACT-014,PAR-183,Presente,False,3.56,2025-07-29
ACT-014,PAR-182,Presente,True,5.0,2025-07-29
ACT-014,PAR-149,Presente,True,5.0,2025-07-29
ACT-014,PAR-190,Retiro temprano,False,1.77,2025-07-29
ACT-005,PAR-235,Retiro temprano,False,1.32,2024-07-12
ACT-005,PAR-213,Ausente,False,0.0,2024-07-12
ACT-005,PAR-281,Presente,True,4.0,2024-07-12
ACT-005,PAR-286,Ausente,False,0.0,2024-07-12
ACT-005,PAR-283,Presente,True,4.0,2024-07-12
ACT-005,PAR-271,Presente,True,4.0,2024-07-12
ACT-005,PAR-225,Presente,True,4.0,2024-07-12
ACT-005,PAR-260,Presente,True,4.0,2024-07-12
ACT-005,PAR-204,Presente,True,4.0,2024-07-12
ACT-005,PAR-205,Presente,True,4.0,2024-07-12
ACT-005,PAR-214,Presente,True,4.0,2024-07-12
ACT-005,PAR-293,Presente,True,4.0,2024-07-12
ACT-005,PAR-257,Presente,True,4.0,2024-07-12
ACT-005,PAR-215,Presente,True,4.0,2024-07-12
ACT-005,PAR-236,Presente,True,4.0,2024-07-12
ACT-005,PAR-282,Presente,True,4.0,2024-07-12
ACT-005,PAR-263,Presente,True,4.0,2024-07-12
ACT-005,PAR-244,Presente,True,4.0,2024-07-12
ACT-005,PAR-270,Presente,True,4.0,2024-07-12
ACT-005,PAR-212,Presente,True,4.0,2024-07-12
ACT-005,PAR-243,Retiro temprano,False,1.65,2024-07-12
ACT-006,PAR-209,Presente,True,6.0,2024-08-18
ACT-006,PAR-268,Presente,True,6.0,2024-08-18
ACT-006,PAR-294,Presente,True,6.0,2024-08-18
ACT-006,PAR-231,Presente,True,6.0,2024-08-18
ACT-006,PAR-267,Presente,True,6.0,2024-08-18
ACT-006,PAR-207,Presente,False,3.81,2024-08-18
ACT-006,PAR-297,Presente,True,6.0,2024-08-18
ACT-006,PAR-241,Presente,True,6.0,2024-08-18
ACT-006,PAR-219,Presente,True,6.0,2024-08-18
ACT-006,PAR-261,Presente,False,4.29,2024-08-18
ACT-006,PAR-248,Presente,True,6.0,2024-08-18
ACT-006,PAR-288,Presente,True,6.0,2024-08-18
ACT-006,PAR-253,Presente,True,6.0,2024-08-18
ACT-006,PAR-290,Presente,True,6.0,2024-08-18
ACT-006,PAR-299,Presente,True,6.0,2024-08-18
ACT-006,PAR-291,Presente,True,6.0,2024-08-18
ACT-006,PAR-250,Presente,True,6.0,2024-08-18
ACT-006,PAR-280,Retiro temprano,False,2.27,2024-08-18
ACT-006,PAR-232,Presente,True,6.0,2024-08-18
ACT-006,PAR-237,Presente,True,6.0,2024-08-18
ACT-006,PAR-247,Retiro temprano,False,2.48,2024-08-18
ACT-040,PAR-202,Presente,True,5.0,2025-01-07
ACT-040,PAR-204,Ausente,False,0.0,2025-01-07
ACT-040,PAR-205,Ausente,False,0.0,2025-01-07
ACT-040,PAR-207,Presente,False,4.0,2025-01-07
ACT-040,PAR-212,Presente,True,5.0,2025-01-07
ACT-040,PAR-230,Presente,True,5.0,2025-01-07
ACT-040,PAR-233,Presente,True,5.0,2025-01-07
ACT-040,PAR-235,Presente,True,5.0,2025-01-07
ACT-040,PAR-236,Presente,True,5.0,2025-01-07
ACT-040,PAR-241,Presente,True,5.0,2025-01-07
ACT-040,PAR-243,Presente,True,5.0,2025-01-07
ACT-040,PAR-247,Presente,True,5.0,2025-01-07
ACT-040,PAR-253,Presente,True,5.0,2025-01-07
ACT-040,PAR-254,Presente,True,5.0,2025-01-07
ACT-040,PAR-257,Presente,True,5.0,2025-01-07
ACT-040,PAR-260,Presente,True,5.0,2025-01-07
ACT-040,PAR-267,Ausente,False,0.0,2025-01-07
ACT-040,PAR-270,Ausente,False,0.0,2025-01-07
ACT-040,PAR-283,Ausente,False,0.0,2025-01-07
ACT-040,PAR-288,Presente,True,5.0,2025-01-07
ACT-040,PAR-290,Presente,True,5.0,2025-01-07
ACT-040,PAR-291,Presente,True,5.0,2025-01-07
ACT-040,PAR-292,Presente,True,5.0,2025-01-07
ACT-040,PAR-293,Presente,True,5.0,2025-01-07
ACT-040,PAR-295,Presente,False,3.98,2025-01-07
ACT-040,PAR-300,Presente,False,3.14,2025-01-07
ACT-040,PAR-225,Presente,True,5.0,2025-01-07
ACT-040,PAR-215,Ausente,False,0.0,2025-01-07
ACT-040,PAR-258,Ausente,False,0.0,2025-01-07
ACT-040,PAR-232,Retiro temprano,False,2.25,2025-01-07
ACT-040,PAR-298,Presente,True,5.0,2025-01-07
ACT-040,PAR-277,Presente,True,5.0,2025-01-07
ACT-040,PAR-213,Ausente,False,0.0,2025-01-07
ACT-040,PAR-297,Presente,True,5.0,2025-01-07
ACT-040,PAR-214,Presente,True,5.0,2025-01-07
ACT-040,PAR-266,Presente,True,5.0,2025-01-07
ACT-040,PAR-280,Ausente,False,0.0,2025-01-07
ACT-040,PAR-222,Ausente,False,0.0,2025-01-07
ACT-040,PAR-237,Presente,True,5.0,2025-01-07
ACT-040,PAR-216,Presente,True,5.0,2025-01-07
ACT-009,PAR-204,Presente,True,7.0,2025-05-09
ACT-009,PAR-205,Ausente,False,0.0,2025-05-09
ACT-009,PAR-212,Presente,False,5.23,2025-05-09
ACT-009,PAR-230,Presente,False,5.11,2025-05-09
ACT-009,PAR-235,Presente,True,7.0,2025-05-09
ACT-009,PAR-236,Retiro temprano,False,3.4,2025-05-09
ACT-009,PAR-243,Presente,True,7.0,2025-05-09
ACT-009,PAR-257,Ausente,False,0.0,2025-05-09
ACT-009,PAR-260,Presente,True,7.0,2025-05-09
ACT-009,PAR-270,Presente,True,7.0,2025-05-09
ACT-009,PAR-283,Retiro temprano,False,2.32,2025-05-09
ACT-009,PAR-293,Ausente,False,0.0,2025-05-09
ACT-009,PAR-295,Retiro temprano,False,2.86,2025-05-09
ACT-009,PAR-300,Retiro temprano,False,2.38,2025-05-09
ACT-009,PAR-225,Presente,True,7.0,2025-05-09
ACT-009,PAR-277,Presente,True,7.0,2025-05-09
ACT-009,PAR-279,Ausente,False,0.0,2025-05-09
ACT-009,PAR-226,Presente,True,7.0,2025-05-09
ACT-009,PAR-266,Presente,True,7.0,2025-05-09
ACT-009,PAR-263,Presente,True,7.0,2025-05-09
ACT-009,PAR-282,Presente,True,7.0,2025-05-09
ACT-009,PAR-214,Presente,True,7.0,2025-05-09
ACT-009,PAR-244,Presente,True,7.0,2025-05-09
ACT-009,PAR-265,Presente,True,7.0,2025-05-09
ACT-009,PAR-258,Ausente,False,0.0,2025-05-09
ACT-009,PAR-228,Presente,True,7.0,2025-05-09
ACT-009,PAR-215,Retiro temprano,False,3.01,2025-05-09
ACT-009,PAR-221,Presente,True,7.0,2025-05-09
ACT-009,PAR-281,Ausente,False,0.0,2025-05-09
ACT-009,PAR-206,Retiro temprano,False,2.62,2025-05-09
ACT-009,PAR-278,Presente,True,7.0,2025-05-09
ACT-009,PAR-285,Presente,True,7.0,2025-05-09
ACT-009,PAR-208,Presente,False,4.9,2025-05-09
ACT-009,PAR-286,Presente,True,7.0,2025-05-09
ACT-009,PAR-245,Presente,True,7.0,2025-05-09
ACT-009,PAR-296,Presente,True,7.0,2025-05-09
ACT-009,PAR-271,Presente,True,7.0,2025-05-09
ACT-009,PAR-222,Retiro temprano,False,4.09,2025-05-09
ACT-009,PAR-213,Retiro temprano,False,2.76,2025-05-09
ACT-037,PAR-202,Presente,True,8.0,2025-05-29
ACT-037,PAR-233,Presente,True,8.0,2025-05-29
ACT-037,PAR-241,Retiro temprano,False,4.78,2025-05-29
ACT-037,PAR-247,Presente,True,8.0,2025-05-29
ACT-037,PAR-253,Presente,True,8.0,2025-05-29
ACT-037,PAR-254,Presente,True,8.0,2025-05-29
ACT-037,PAR-267,Presente,True,8.0,2025-05-29
ACT-037,PAR-288,Presente,True,8.0,2025-05-29
ACT-037,PAR-290,Presente,True,8.0,2025-05-29
ACT-037,PAR-291,Presente,True,8.0,2025-05-29
ACT-037,PAR-292,Presente,True,8.0,2025-05-29
ACT-037,PAR-242,Ausente,False,0.0,2025-05-29
ACT-037,PAR-297,Presente,True,8.0,2025-05-29
ACT-037,PAR-211,Presente,True,8.0,2025-05-29
ACT-037,PAR-268,Presente,True,8.0,2025-05-29
ACT-037,PAR-262,Ausente,False,0.0,2025-05-29
ACT-037,PAR-219,Presente,True,8.0,2025-05-29
ACT-037,PAR-237,Presente,True,8.0,2025-05-29
ACT-037,PAR-246,Presente,True,8.0,2025-05-29
ACT-037,PAR-231,Presente,True,8.0,2025-05-29
ACT-037,PAR-294,Presente,True,8.0,2025-05-29
ACT-037,PAR-240,Retiro temprano,False,2.46,2025-05-29
ACT-037,PAR-255,Ausente,False,0.0,2025-05-29
ACT-037,PAR-287,Presente,False,5.08,2025-05-29
ACT-037,PAR-298,Presente,True,8.0,2025-05-29
ACT-037,PAR-299,Presente,True,8.0,2025-05-29
ACT-037,PAR-216,Retiro temprano,False,3.56,2025-05-29
ACT-037,PAR-250,Presente,True,8.0,2025-05-29
ACT-037,PAR-210,Presente,True,8.0,2025-05-29
ACT-037,PAR-232,Presente,True,8.0,2025-05-29
ACT-037,PAR-280,Ausente,False,0.0,2025-05-29
ACT-037,PAR-269,Presente,True,8.0,2025-05-29
ACT-037,PAR-264,Presente,True,8.0,2025-05-29
ACT-037,PAR-284,Presente,True,8.0,2025-05-29
ACT-037,PAR-209,Ausente,False,0.0,2025-05-29
ACT-037,PAR-248,Ausente,False,0.0,2025-05-29
ACT-037,PAR-224,Presente,False,5.36,2025-05-29
ACT-011,PAR-202,Presente,True,6.0,2025-06-24
ACT-011,PAR-204,Presente,True,6.0,2025-06-24
ACT-011,PAR-205,Presente,True,6.0,2025-06-24
ACT-011,PAR-212,Presente,True,6.0,2025-06-24
ACT-011,PAR-230,Retiro temprano,False,2.01,2025-06-24
ACT-011,PAR-233,Presente,True,6.0,2025-06-24
ACT-011,PAR-235,Presente,True,6.0,2025-06-24
ACT-011,PAR-236,Presente,True,6.0,2025-06-24
ACT-011,PAR-241,Presente,True,6.0,2025-06-24
ACT-011,PAR-243,Presente,True,6.0,2025-06-24
ACT-011,PAR-247,Presente,False,4.6,2025-06-24
ACT-011,PAR-253,Presente,True,6.0,2025-06-24
ACT-011,PAR-254,Presente,True,6.0,2025-06-24
ACT-011,PAR-257,Ausente,False,0.0,2025-06-24
ACT-011,PAR-260,Presente,True,6.0,2025-06-24
ACT-011,PAR-267,Ausente,False,0.0,2025-06-24
ACT-011,PAR-270,Presente,False,4.51,2025-06-24
ACT-011,PAR-283,Presente,True,6.0,2025-06-24
ACT-011,PAR-288,Presente,True,6.0,2025-06-24
ACT-011,PAR-290,Presente,True,6.0,2025-06-24
ACT-011,PAR-291,Ausente,False,0.0,2025-06-24
ACT-011,PAR-292,Presente,True,6.0,2025-06-24
ACT-011,PAR-293,Presente,True,6.0,2025-06-24
ACT-011,PAR-295,Ausente,False,0.0,2025-06-24
ACT-011,PAR-300,Presente,True,6.0,2025-06-24
ACT-011,PAR-271,Presente,True,6.0,2025-06-24
ACT-011,PAR-226,Presente,True,6.0,2025-06-24
ACT-011,PAR-262,Presente,True,6.0,2025-06-24
ACT-011,PAR-261,Presente,False,3.67,2025-06-24
ACT-011,PAR-221,Presente,True,6.0,2025-06-24
ACT-011,PAR-244,Presente,True,6.0,2025-06-24
ACT-011,PAR-211,Presente,True,6.0,2025-06-24
ACT-011,PAR-268,Presente,False,4.41,2025-06-24
ACT-011,PAR-246,Presente,True,6.0,2025-06-24
ACT-011,PAR-250,Presente,False,5.0,2025-06-24
ACT-011,PAR-223,Presente,True,6.0,2025-06-24
ACT-011,PAR-216,Presente,True,6.0,2025-06-24
ACT-011,PAR-282,Presente,True,6.0,2025-06-24
ACT-011,PAR-280,Retiro temprano,False,2.05,2025-06-24
ACT-011,PAR-228,Retiro temprano,False,2.17,2025-06-24
ACT-011,PAR-297,Ausente,False,0.0,2025-06-24
ACT-011,PAR-213,Presente,True,6.0,2025-06-24
ACT-011,PAR-287,Presente,True,6.0,2025-06-24
ACT-011,PAR-225,Presente,True,6.0,2025-06-24
ACT-011,PAR-218,Retiro temprano,False,3.34,2025-06-24
ACT-011,PAR-266,Presente,True,6.0,2025-06-24
ACT-011,PAR-284,Ausente,False,0.0,2025-06-24
ACT-011,PAR-255,Presente,True,6.0,2025-06-24
ACT-011,PAR-259,Presente,False,5.16,2025-06-24
ACT-011,PAR-296,Presente,True,6.0,2025-06-24
ACT-036,PAR-204,Ausente,False,0.0,2025-10-06
ACT-036,PAR-205,Presente,True,7.0,2025-10-06
ACT-036,PAR-212,Presente,True,7.0,2025-10-06
ACT-036,PAR-230,Presente,True,7.0,2025-10-06
ACT-036,PAR-236,Ausente,False,0.0,2025-10-06
ACT-036,PAR-243,Presente,True,7.0,2025-10-06
ACT-036,PAR-257,Presente,True,7.0,2025-10-06
ACT-036,PAR-260,Presente,True,7.0,2025-10-06
ACT-036,PAR-270,Ausente,False,0.0,2025-10-06
ACT-036,PAR-283,Presente,True,7.0,2025-10-06
ACT-036,PAR-293,Presente,True,7.0,2025-10-06
ACT-036,PAR-295,Retiro temprano,False,3.84,2025-10-06
ACT-036,PAR-300,Retiro temprano,False,3.31,2025-10-06
ACT-036,PAR-272,Presente,True,7.0,2025-10-06
ACT-036,PAR-238,Presente,True,7.0,2025-10-06
ACT-036,PAR-265,Ausente,False,0.0,2025-10-06
ACT-036,PAR-226,Retiro temprano,False,3.75,2025-10-06
ACT-036,PAR-285,Presente,True,7.0,2025-10-06
ACT-036,PAR-266,Presente,True,7.0,2025-10-06
ACT-036,PAR-244,Ausente,False,0.0,2025-10-06
ACT-036,PAR-220,Presente,True,7.0,2025-10-06
ACT-036,PAR-234,Presente,True,7.0,2025-10-06
ACT-036,PAR-296,Presente,True,7.0,2025-10-06
ACT-036,PAR-201,Presente,True,7.0,2025-10-06
ACT-031,PAR-202,Retiro temprano,False,1.93,2025-12-12
ACT-031,PAR-204,Presente,True,6.0,2025-12-12
ACT-031,PAR-205,Retiro temprano,False,2.36,2025-12-12
ACT-031,PAR-212,Presente,True,6.0,2025-12-12
ACT-031,PAR-230,Presente,True,6.0,2025-12-12
ACT-031,PAR-233,Presente,False,3.86,2025-12-12
ACT-031,PAR-236,Presente,True,6.0,2025-12-12
ACT-031,PAR-241,Presente,True,6.0,2025-12-12
ACT-031,PAR-243,Presente,True,6.0,2025-12-12
ACT-031,PAR-247,Ausente,False,0.0,2025-12-12
ACT-031,PAR-253,Presente,True,6.0,2025-12-12
ACT-031,PAR-254,Presente,True,6.0,2025-12-12
ACT-031,PAR-257,Ausente,False,0.0,2025-12-12
ACT-031,PAR-260,Presente,True,6.0,2025-12-12
ACT-031,PAR-267,Presente,False,4.17,2025-12-12
ACT-031,PAR-270,Retiro temprano,False,2.3,2025-12-12
ACT-031,PAR-283,Ausente,False,0.0,2025-12-12
ACT-031,PAR-288,Presente,True,6.0,2025-12-12
ACT-031,PAR-290,Presente,True,6.0,2025-12-12
ACT-031,PAR-291,Presente,True,6.0,2025-12-12
ACT-031,PAR-292,Presente,True,6.0,2025-12-12
ACT-031,PAR-293,Presente,True,6.0,2025-12-12
ACT-031,PAR-295,Presente,True,6.0,2025-12-12
ACT-031,PAR-300,Ausente,False,0.0,2025-12-12
ACT-031,PAR-237,Presente,True,6.0,2025-12-12
ACT-031,PAR-215,Presente,True,6.0,2025-12-12
ACT-031,PAR-239,Presente,True,6.0,2025-12-12
ACT-031,PAR-219,Presente,False,5.38,2025-12-12
ACT-031,PAR-234,Presente,True,6.0,2025-12-12
ACT-031,PAR-299,Presente,True,6.0,2025-12-12
ACT-031,PAR-246,Presente,True,6.0,2025-12-12
ACT-031,PAR-250,Presente,True,6.0,2025-12-12
ACT-031,PAR-284,Presente,True,6.0,2025-12-12
ACT-031,PAR-210,Ausente,False,0.0,2025-12-12
ACT-031,PAR-286,Presente,True,6.0,2025-12-12
ACT-031,PAR-278,Ausente,False,0.0,2025-12-12
ACT-031,PAR-232,Presente,True,6.0,2025-12-12
ACT-031,PAR-231,Presente,True,6.0,2025-12-12
ACT-031,PAR-272,Presente,True,6.0,2025-12-12
ACT-031,PAR-282,Retiro temprano,False,2.77,2025-12-12
ACT-031,PAR-265,Presente,True,6.0,2025-12-12
ACT-031,PAR-216,Presente,True,6.0,2025-12-12
ACT-031,PAR-229,Presente,True,6.0,2025-12-12
ACT-031,PAR-285,Presente,True,6.0,2025-12-12
ACT-033,PAR-204,Presente,True,8.0,2025-12-25
ACT-033,PAR-205,Presente,True,8.0,2025-12-25
ACT-033,PAR-212,Retiro temprano,False,4.11,2025-12-25
ACT-033,PAR-230,Presente,True,8.0,2025-12-25
ACT-033,PAR-236,Presente,True,8.0,2025-12-25
ACT-033,PAR-243,Presente,True,8.0,2025-12-25
ACT-033,PAR-257,Presente,True,8.0,2025-12-25
ACT-033,PAR-260,Retiro temprano,False,3.78,2025-12-25
ACT-033,PAR-270,Presente,True,8.0,2025-12-25
ACT-033,PAR-283,Presente,True,8.0,2025-12-25
ACT-033,PAR-293,Presente,True,8.0,2025-12-25
ACT-033,PAR-295,Presente,True,8.0,2025-12-25
ACT-033,PAR-300,Ausente,False,0.0,2025-12-25
ACT-033,PAR-256,Presente,True,8.0,2025-12-25
ACT-033,PAR-296,Presente,True,8.0,2025-12-25
ACT-033,PAR-282,Presente,True,8.0,2025-12-25
ACT-033,PAR-275,Retiro temprano,False,3.4,2025-12-25
ACT-033,PAR-203,Presente,True,8.0,2025-12-25
ACT-033,PAR-228,Ausente,False,0.0,2025-12-25
ACT-033,PAR-281,Presente,True,8.0,2025-12-25
ACT-033,PAR-214,Presente,True,8.0,2025-12-25
ACT-033,PAR-285,Presente,False,7.09,2025-12-25
ACT-033,PAR-245,Retiro temprano,False,3.52,2025-12-25
ACT-033,PAR-226,Presente,True,8.0,2025-12-25
ACT-033,PAR-215,Presente,True,8.0,2025-12-25
ACT-033,PAR-265,Ausente,False,0.0,2025-12-25
ACT-033,PAR-272,Retiro temprano,False,3.75,2025-12-25
ACT-033,PAR-271,Presente,True,8.0,2025-12-25
ACT-033,PAR-259,Presente,True,8.0,2025-12-25
ACT-033,PAR-252,Presente,False,5.27,2025-12-25
ACT-033,PAR-244,Presente,True,8.0,2025-12-25
ACT-033,PAR-251,Retiro temprano,False,2.42,2025-12-25
ACT-033,PAR-278,Presente,True,8.0,2025-12-25
ACT-033,PAR-227,Presente,True,8.0,2025-12-25
ACT-033,PAR-221,Presente,False,4.8,2025-12-25
ACT-033,PAR-225,Presente,True,8.0,2025-12-25
ACT-033,PAR-286,Presente,True,8.0,2025-12-25
ACT-033,PAR-201,Presente,True,8.0,2025-12-25
ACT-033,PAR-220,Presente,True,8.0,2025-12-25
ACT-033,PAR-277,Presente,True,8.0,2025-12-25
ACT-007,PAR-011,Presente,True,4.0,2024-09-10
ACT-007,PAR-014,Presente,True,4.0,2024-09-10
ACT-007,PAR-018,Presente,True,4.0,2024-09-10
ACT-007,PAR-032,Presente,True,4.0,2024-09-10
ACT-007,PAR-084,Presente,True,4.0,2024-09-10
ACT-007,PAR-095,Presente,True,4.0,2024-09-10
ACT-007,PAR-105,Presente,True,4.0,2024-09-10
ACT-007,PAR-115,Ausente,False,0.0,2024-09-10
ACT-007,PAR-129,Presente,True,4.0,2024-09-10
ACT-007,PAR-136,Presente,False,2.65,2024-09-10
ACT-007,PAR-109,Presente,True,4.0,2024-09-10
ACT-007,PAR-023,Presente,True,4.0,2024-09-10
ACT-007,PAR-132,Presente,True,4.0,2024-09-10
ACT-007,PAR-069,Presente,True,4.0,2024-09-10
ACT-007,PAR-135,Presente,True,4.0,2024-09-10
ACT-007,PAR-043,Ausente,False,0.0,2024-09-10
ACT-007,PAR-062,Presente,True,4.0,2024-09-10
ACT-007,PAR-050,Presente,True,4.0,2024-09-10
ACT-007,PAR-145,Presente,False,2.44,2024-09-10
ACT-007,PAR-102,Presente,True,4.0,2024-09-10
ACT-007,PAR-042,Presente,True,4.0,2024-09-10
ACT-007,PAR-059,Presente,False,2.57,2024-09-10
ACT-007,PAR-141,Ausente,False,0.0,2024-09-10
ACT-008,PAR-010,Presente,True,5.0,2024-10-16
ACT-008,PAR-011,Presente,True,5.0,2024-10-16
ACT-008,PAR-014,Presente,True,5.0,2024-10-16
ACT-008,PAR-017,Retiro temprano,False,2.85,2024-10-16
ACT-008,PAR-018,Presente,True,5.0,2024-10-16
ACT-008,PAR-032,Presente,True,5.0,2024-10-16
ACT-008,PAR-033,Presente,True,5.0,2024-10-16
ACT-008,PAR-077,Presente,True,5.0,2024-10-16
ACT-008,PAR-082,Presente,False,3.59,2024-10-16
ACT-008,PAR-084,Ausente,False,0.0,2024-10-16
ACT-008,PAR-095,Presente,True,5.0,2024-10-16
ACT-008,PAR-096,Retiro temprano,False,1.78,2024-10-16
ACT-008,PAR-100,Presente,True,5.0,2024-10-16
ACT-008,PAR-105,Ausente,False,0.0,2024-10-16
ACT-008,PAR-115,Presente,True,5.0,2024-10-16
ACT-008,PAR-119,Presente,True,5.0,2024-10-16
ACT-008,PAR-128,Presente,True,5.0,2024-10-16
ACT-008,PAR-129,Presente,True,5.0,2024-10-16
ACT-008,PAR-131,Retiro temprano,False,2.83,2024-10-16
ACT-008,PAR-136,Presente,True,5.0,2024-10-16
ACT-008,PAR-104,Presente,True,5.0,2024-10-16
ACT-008,PAR-145,Presente,True,5.0,2024-10-16
ACT-008,PAR-127,Presente,True,5.0,2024-10-16
ACT-008,PAR-132,Presente,True,5.0,2024-10-16
ACT-010,PAR-011,Presente,True,4.0,2025-01-19
ACT-010,PAR-014,Presente,True,4.0,2025-01-19
ACT-010,PAR-018,Presente,False,2.99,2025-01-19
ACT-010,PAR-032,Presente,True,4.0,2025-01-19
ACT-010,PAR-084,Ausente,False,0.0,2025-01-19
ACT-010,PAR-095,Presente,True,4.0,2025-01-19
ACT-010,PAR-105,Presente,True,4.0,2025-01-19
ACT-010,PAR-115,Presente,True,4.0,2025-01-19
ACT-010,PAR-129,Retiro temprano,False,2.06,2025-01-19
ACT-010,PAR-136,Presente,True,4.0,2025-01-19
ACT-010,PAR-069,Presente,True,4.0,2025-01-19
ACT-010,PAR-135,Presente,False,3.33,2025-01-19
ACT-010,PAR-141,Presente,True,4.0,2025-01-19
ACT-010,PAR-071,Presente,True,4.0,2025-01-19
ACT-010,PAR-034,Presente,True,4.0,2025-01-19
ACT-010,PAR-057,Presente,True,4.0,2025-01-19
ACT-010,PAR-042,Retiro temprano,False,1.39,2025-01-19
ACT-010,PAR-104,Presente,True,4.0,2025-01-19
ACT-010,PAR-023,Presente,True,4.0,2025-01-19
ACT-010,PAR-038,Ausente,False,0.0,2025-01-19
ACT-010,PAR-106,Presente,True,4.0,2025-01-19
ACT-010,PAR-142,Presente,True,4.0,2025-01-19
ACT-010,PAR-050,Presente,True,4.0,2025-01-19
ACT-010,PAR-109,Presente,True,4.0,2025-01-19
ACT-010,PAR-132,Presente,True,4.0,2025-01-19
ACT-010,PAR-041,Presente,True,4.0,2025-01-19
ACT-010,PAR-121,Presente,True,4.0,2025-01-19
ACT-010,PAR-062,Presente,False,2.44,2025-01-19
ACT-010,PAR-139,Presente,False,3.56,2025-01-19
ACT-010,PAR-063,Presente,True,4.0,2025-01-19
ACT-010,PAR-138,Presente,True,4.0,2025-01-19
ACT-010,PAR-056,Presente,True,4.0,2025-01-19
ACT-010,PAR-144,Presente,True,4.0,2025-01-19
ACT-010,PAR-043,Presente,True,4.0,2025-01-19
ACT-010,PAR-102,Presente,True,4.0,2025-01-19
ACT-010,PAR-145,Presente,True,4.0,2025-01-19
ACT-010,PAR-040,Presente,True,4.0,2025-01-19
ACT-010,PAR-101,Ausente,False,0.0,2025-01-19
ACT-010,PAR-059,Retiro temprano,False,1.33,2025-01-19
ACT-010,PAR-134,Ausente,False,0.0,2025-01-19
ACT-010,PAR-004,Presente,True,4.0,2025-01-19
ACT-010,PAR-133,Presente,False,2.99,2025-01-19
ACT-028,PAR-102,Presente,True,6.0,2025-02-28
ACT-028,PAR-050,Ausente,False,0.0,2025-02-28
ACT-028,PAR-069,Presente,True,6.0,2025-02-28
ACT-028,PAR-101,Presente,True,6.0,2025-02-28
ACT-028,PAR-109,Presente,True,6.0,2025-02-28
ACT-028,PAR-043,Retiro temprano,False,3.05,2025-02-28
ACT-028,PAR-145,Presente,True,6.0,2025-02-28
ACT-028,PAR-011,Presente,True,6.0,2025-02-28
ACT-028,PAR-045,Presente,True,6.0,2025-02-28
ACT-028,PAR-063,Presente,True,6.0,2025-02-28
ACT-028,PAR-132,Presente,True,6.0,2025-02-28
ACT-028,PAR-106,Presente,True,6.0,2025-02-28
ACT-028,PAR-095,Presente,True,6.0,2025-02-28
ACT-028,PAR-136,Presente,True,6.0,2025-02-28
ACT-028,PAR-144,Ausente,False,0.0,2025-02-28
ACT-028,PAR-038,Retiro temprano,False,1.95,2025-02-28
ACT-028,PAR-105,Presente,True,6.0,2025-02-28
ACT-028,PAR-142,Presente,True,6.0,2025-02-28
ACT-028,PAR-004,Presente,True,6.0,2025-02-28
ACT-028,PAR-129,Presente,True,6.0,2025-02-28
ACT-030,PAR-011,Retiro temprano,False,2.98,2025-03-17
ACT-030,PAR-014,Presente,True,5.0,2025-03-17
ACT-030,PAR-018,Retiro temprano,False,2.14,2025-03-17
ACT-030,PAR-032,Presente,True,5.0,2025-03-17
ACT-030,PAR-084,Presente,True,5.0,2025-03-17
ACT-030,PAR-095,Presente,True,5.0,2025-03-17
ACT-030,PAR-105,Presente,True,5.0,2025-03-17
ACT-030,PAR-115,Ausente,False,0.0,2025-03-17
ACT-030,PAR-129,Presente,True,5.0,2025-03-17
ACT-030,PAR-136,Presente,True,5.0,2025-03-17
ACT-030,PAR-144,Presente,False,4.18,2025-03-17
ACT-030,PAR-102,Presente,True,5.0,2025-03-17
ACT-030,PAR-063,Presente,True,5.0,2025-03-17
ACT-030,PAR-056,Presente,True,5.0,2025-03-17
ACT-030,PAR-071,Presente,True,5.0,2025-03-17
ACT-030,PAR-132,Presente,True,5.0,2025-03-17
ACT-030,PAR-042,Ausente,False,0.0,2025-03-17
ACT-030,PAR-045,Presente,True,5.0,2025-03-17
ACT-030,PAR-038,Presente,True,5.0,2025-03-17
ACT-030,PAR-050,Presente,True,5.0,2025-03-17
ACT-030,PAR-040,Presente,True,5.0,2025-03-17
ACT-030,PAR-138,Presente,True,5.0,2025-03-17
ACT-030,PAR-104,Presente,True,5.0,2025-03-17
ACT-030,PAR-041,Ausente,False,0.0,2025-03-17
ACT-030,PAR-109,Presente,True,5.0,2025-03-17
ACT-030,PAR-142,Presente,True,5.0,2025-03-17
ACT-030,PAR-057,Presente,True,5.0,2025-03-17
ACT-030,PAR-141,Ausente,False,0.0,2025-03-17
ACT-030,PAR-023,Presente,True,5.0,2025-03-17
ACT-030,PAR-034,Presente,True,5.0,2025-03-17
ACT-030,PAR-059,Presente,True,5.0,2025-03-17
ACT-030,PAR-139,Presente,True,5.0,2025-03-17
ACT-030,PAR-133,Presente,True,5.0,2025-03-17
ACT-030,PAR-062,Presente,True,5.0,2025-03-17
ACT-030,PAR-106,Presente,True,5.0,2025-03-17
ACT-030,PAR-043,Retiro temprano,False,1.82,2025-03-17
ACT-030,PAR-135,Presente,True,5.0,2025-03-17
ACT-030,PAR-088,Presente,True,5.0,2025-03-17
ACT-030,PAR-134,Presente,True,5.0,2025-03-17
ACT-030,PAR-069,Retiro temprano,False,1.97,2025-03-17
ACT-030,PAR-145,Presente,True,5.0,2025-03-17
ACT-030,PAR-004,Presente,False,3.04,2025-03-17
ACT-030,PAR-101,Ausente,False,0.0,2025-03-17
ACT-020,PAR-010,Presente,True,8.0,2025-07-25
ACT-020,PAR-011,Ausente,False,0.0,2025-07-25
ACT-020,PAR-014,Presente,True,8.0,2025-07-25
ACT-020,PAR-017,Presente,True,8.0,2025-07-25
ACT-020,PAR-018,Presente,True,8.0,2025-07-25
ACT-020,PAR-032,Retiro temprano,False,4.55,2025-07-25
ACT-020,PAR-033,Presente,True,8.0,2025-07-25
ACT-020,PAR-077,Presente,True,8.0,2025-07-25
ACT-020,PAR-082,Ausente,False,0.0,2025-07-25
ACT-020,PAR-084,Presente,False,6.86,2025-07-25
ACT-020,PAR-095,Presente,True,8.0,2025-07-25
ACT-020,PAR-096,Retiro temprano,False,3.38,2025-07-25
ACT-020,PAR-100,Ausente,False,0.0,2025-07-25
ACT-020,PAR-105,Presente,True,8.0,2025-07-25
ACT-020,PAR-115,Ausente,False,0.0,2025-07-25
ACT-020,PAR-119,Presente,True,8.0,2025-07-25
ACT-020,PAR-128,Presente,True,8.0,2025-07-25
ACT-020,PAR-129,Presente,True,8.0,2025-07-25
ACT-020,PAR-131,Presente,False,6.34,2025-07-25
ACT-020,PAR-136,Presente,True,8.0,2025-07-25
ACT-020,PAR-064,Presente,True,8.0,2025-07-25
ACT-020,PAR-132,Presente,True,8.0,2025-07-25
ACT-020,PAR-023,Presente,True,8.0,2025-07-25
ACT-020,PAR-034,Ausente,False,0.0,2025-07-25
ACT-020,PAR-022,Presente,True,8.0,2025-07-25
ACT-020,PAR-141,Presente,True,8.0,2025-07-25
ACT-020,PAR-045,Presente,True,8.0,2025-07-25
ACT-020,PAR-079,Retiro temprano,False,2.66,2025-07-25
ACT-017,PAR-104,Retiro temprano,False,1.69,2025-08-16
ACT-017,PAR-129,Presente,True,5.0,2025-08-16
ACT-017,PAR-057,Presente,True,5.0,2025-08-16
ACT-017,PAR-136,Presente,True,5.0,2025-08-16
ACT-017,PAR-109,Retiro temprano,False,2.03,2025-08-16
ACT-017,PAR-101,Presente,True,5.0,2025-08-16
ACT-017,PAR-014,Presente,True,5.0,2025-08-16
ACT-017,PAR-050,Presente,True,5.0,2025-08-16
ACT-017,PAR-041,Presente,True,5.0,2025-08-16
ACT-017,PAR-139,Presente,True,5.0,2025-08-16
ACT-017,PAR-038,Presente,True,5.0,2025-08-16
ACT-017,PAR-138,Presente,True,5.0,2025-08-16
ACT-017,PAR-040,Presente,True,5.0,2025-08-16
ACT-017,PAR-056,Presente,True,5.0,2025-08-16
ACT-017,PAR-105,Presente,True,5.0,2025-08-16
ACT-017,PAR-023,Presente,True,5.0,2025-08-16
ACT-017,PAR-069,Presente,False,3.69,2025-08-16
ACT-017,PAR-106,Presente,True,5.0,2025-08-16
ACT-017,PAR-135,Presente,True,5.0,2025-08-16
ACT-017,PAR-115,Presente,True,5.0,2025-08-16
ACT-017,PAR-063,Presente,True,5.0,2025-08-16
ACT-017,PAR-062,Presente,True,5.0,2025-08-16
ACT-017,PAR-102,Presente,True,5.0,2025-08-16
ACT-017,PAR-144,Presente,False,3.13,2025-08-16
ACT-017,PAR-004,Presente,True,5.0,2025-08-16
ACT-017,PAR-134,Presente,False,3.57,2025-08-16
ACT-017,PAR-145,Ausente,False,0.0,2025-08-16
ACT-017,PAR-059,Ausente,False,0.0,2025-08-16
ACT-017,PAR-045,Presente,True,5.0,2025-08-16
ACT-017,PAR-142,Presente,True,5.0,2025-08-16
ACT-017,PAR-032,Retiro temprano,False,2.52,2025-08-16
ACT-017,PAR-132,Presente,True,5.0,2025-08-16
ACT-017,PAR-088,Presente,True,5.0,2025-08-16
ACT-017,PAR-043,Retiro temprano,False,2.08,2025-08-16
ACT-017,PAR-084,Presente,True,5.0,2025-08-16
ACT-017,PAR-011,Presente,True,5.0,2025-08-16
ACT-025,PAR-138,Presente,True,7.0,2025-10-04
ACT-025,PAR-023,Presente,True,7.0,2025-10-04
ACT-025,PAR-082,Presente,True,7.0,2025-10-04
ACT-025,PAR-009,Presente,True,7.0,2025-10-04
ACT-025,PAR-080,Ausente,False,0.0,2025-10-04
ACT-025,PAR-141,Presente,True,7.0,2025-10-04
ACT-025,PAR-101,Ausente,False,0.0,2025-10-04
ACT-025,PAR-059,Retiro temprano,False,3.2,2025-10-04
ACT-025,PAR-006,Presente,True,7.0,2025-10-04
ACT-025,PAR-034,Presente,True,7.0,2025-10-04
ACT-025,PAR-139,Presente,True,7.0,2025-10-04
ACT-025,PAR-032,Presente,True,7.0,2025-10-04
ACT-025,PAR-018,Ausente,False,0.0,2025-10-04
ACT-025,PAR-025,Presente,False,5.95,2025-10-04
ACT-025,PAR-071,Presente,True,7.0,2025-10-04
ACT-025,PAR-013,Retiro temprano,False,3.17,2025-10-04
ACT-025,PAR-131,Presente,True,7.0,2025-10-04
ACT-025,PAR-100,Presente,True,7.0,2025-10-04
ACT-025,PAR-061,Presente,True,7.0,2025-10-04
ACT-025,PAR-021,Presente,True,7.0,2025-10-04
ACT-025,PAR-060,Presente,True,7.0,2025-10-04
ACT-025,PAR-064,Presente,True,7.0,2025-10-04
ACT-025,PAR-017,Presente,True,7.0,2025-10-04
ACT-025,PAR-120,Ausente,False,0.0,2025-10-04
ACT-025,PAR-011,Presente,True,7.0,2025-10-04
ACT-025,PAR-104,Presente,True,7.0,2025-10-04
ACT-025,PAR-126,Presente,True,7.0,2025-10-04
ACT-025,PAR-079,Presente,True,7.0,2025-10-04
ACT-025,PAR-062,Presente,True,7.0,2025-10-04
ACT-025,PAR-127,Presente,True,7.0,2025-10-04
ACT-025,PAR-084,Presente,False,4.77,2025-10-04
ACT-025,PAR-144,Presente,False,5.88,2025-10-04
ACT-025,PAR-077,Presente,True,7.0,2025-10-04
ACT-025,PAR-102,Presente,True,7.0,2025-10-04
ACT-025,PAR-020,Ausente,False,0.0,2025-10-04
ACT-025,PAR-076,Presente,True,7.0,2025-10-04
ACT-025,PAR-029,Presente,True,7.0,2025-10-04
ACT-025,PAR-096,Presente,True,7.0,2025-10-04
ACT-025,PAR-043,Retiro temprano,False,2.9,2025-10-04
ACT-027,PAR-010,Presente,False,6.41,2025-10-24
ACT-027,PAR-011,Presente,True,8.0,2025-10-24
ACT-027,PAR-014,Presente,True,8.0,2025-10-24
ACT-027,PAR-017,Presente,True,8.0,2025-10-24
ACT-027,PAR-018,Presente,True,8.0,2025-10-24
ACT-027,PAR-032,Presente,True,8.0,2025-10-24
ACT-027,PAR-033,Presente,False,4.93,2025-10-24
ACT-027,PAR-077,Presente,True,8.0,2025-10-24
ACT-027,PAR-082,Presente,False,6.89,2025-10-24
ACT-027,PAR-084,Ausente,False,0.0,2025-10-24
ACT-027,PAR-095,Presente,True,8.0,2025-10-24
ACT-027,PAR-096,Presente,True,8.0,2025-10-24
ACT-027,PAR-100,Presente,True,8.0,2025-10-24
ACT-027,PAR-115,Presente,True,8.0,2025-10-24
ACT-027,PAR-119,Presente,True,8.0,2025-10-24
ACT-027,PAR-128,Presente,True,8.0,2025-10-24
ACT-027,PAR-129,Presente,True,8.0,2025-10-24
ACT-027,PAR-131,Presente,True,8.0,2025-10-24
ACT-027,PAR-136,Presente,True,8.0,2025-10-24
ACT-027,PAR-060,Presente,True,8.0,2025-10-24
ACT-027,PAR-076,Retiro temprano,False,3.85,2025-10-24
ACT-027,PAR-064,Presente,True,8.0,2025-10-24
ACT-027,PAR-104,Presente,True,8.0,2025-10-24
ACT-027,PAR-065,Presente,False,5.67,2025-10-24
ACT-027,PAR-026,Retiro temprano,False,2.94,2025-10-24
ACT-027,PAR-071,Presente,True,8.0,2025-10-24
ACT-027,PAR-056,Presente,True,8.0,2025-10-24
ACT-027,PAR-042,Presente,True,8.0,2025-10-24
ACT-027,PAR-133,Ausente,False,0.0,2025-10-24
ACT-027,PAR-069,Presente,True,8.0,2025-10-24
ACT-027,PAR-022,Presente,True,8.0,2025-10-24
ACT-027,PAR-013,Presente,True,8.0,2025-10-24
ACT-027,PAR-046,Presente,True,8.0,2025-10-24
ACT-027,PAR-126,Ausente,False,0.0,2025-10-24
ACT-035,PAR-010,Presente,True,4.0,2025-10-29
ACT-035,PAR-017,Presente,True,4.0,2025-10-29
ACT-035,PAR-033,Presente,False,3.0,2025-10-29
ACT-035,PAR-077,Presente,False,3.5,2025-10-29
ACT-035,PAR-082,Presente,True,4.0,2025-10-29
ACT-035,PAR-096,Presente,False,2.94,2025-10-29
ACT-035,PAR-100,Presente,True,4.0,2025-10-29
ACT-035,PAR-119,Presente,True,4.0,2025-10-29
ACT-035,PAR-128,Presente,True,4.0,2025-10-29
ACT-035,PAR-131,Presente,True,4.0,2025-10-29
ACT-035,PAR-006,Presente,True,4.0,2025-10-29
ACT-035,PAR-076,Presente,True,4.0,2025-10-29
ACT-035,PAR-022,Presente,True,4.0,2025-10-29
ACT-035,PAR-075,Presente,False,3.18,2025-10-29
ACT-035,PAR-127,Presente,True,4.0,2025-10-29
ACT-035,PAR-125,Presente,True,4.0,2025-10-29
ACT-035,PAR-026,Presente,True,4.0,2025-10-29
ACT-035,PAR-137,Presente,True,4.0,2025-10-29
ACT-035,PAR-079,Presente,True,4.0,2025-10-29
ACT-035,PAR-046,Presente,True,4.0,2025-10-29
ACT-035,PAR-013,Presente,True,4.0,2025-10-29
ACT-035,PAR-065,Presente,True,4.0,2025-10-29
ACT-035,PAR-120,Ausente,False,0.0,2025-10-29
ACT-035,PAR-009,Retiro temprano,False,2.0,2025-10-29
ACT-035,PAR-064,Presente,True,4.0,2025-10-29
ACT-035,PAR-021,Presente,True,4.0,2025-10-29
ACT-035,PAR-126,Presente,True,4.0,2025-10-29
ACT-035,PAR-061,Presente,True,4.0,2025-10-29
ACT-035,PAR-089,Presente,True,4.0,2025-10-29
ACT-035,PAR-080,Presente,True,4.0,2025-10-29
ACT-035,PAR-060,Presente,True,4.0,2025-10-29
ACT-035,PAR-003,Presente,True,4.0,2025-10-29
ACT-035,PAR-029,Presente,True,4.0,2025-10-29
ACT-035,PAR-020,Presente,False,2.75,2025-10-29
ACT-035,PAR-054,Presente,False,2.87,2025-10-29
ACT-035,PAR-025,Presente,False,2.78,2025-10-29
ACT-035,PAR-031,Presente,True,4.0,2025-10-29
ACT-035,PAR-044,Presente,True,4.0,2025-10-29
ACT-035,PAR-058,Presente,False,3.4,2025-10-29
ACT-035,PAR-111,Presente,True,4.0,2025-10-29
ACT-034,PAR-010,Presente,True,7.0,2025-11-12
ACT-034,PAR-017,Presente,True,7.0,2025-11-12
ACT-034,PAR-033,Presente,True,7.0,2025-11-12
ACT-034,PAR-077,Presente,True,7.0,2025-11-12
ACT-034,PAR-082,Presente,True,7.0,2025-11-12
ACT-034,PAR-096,Presente,True,7.0,2025-11-12
ACT-034,PAR-100,Presente,True,7.0,2025-11-12
ACT-034,PAR-119,Presente,True,7.0,2025-11-12
ACT-034,PAR-128,Presente,True,7.0,2025-11-12
ACT-034,PAR-131,Presente,False,5.93,2025-11-12
ACT-034,PAR-022,Presente,True,7.0,2025-11-12
ACT-034,PAR-126,Presente,True,7.0,2025-11-12
ACT-034,PAR-127,Presente,True,7.0,2025-11-12
ACT-034,PAR-046,Presente,False,5.63,2025-11-12
ACT-034,PAR-026,Presente,True,7.0,2025-11-12
ACT-034,PAR-125,Presente,True,7.0,2025-11-12
ACT-034,PAR-020,Presente,True,7.0,2025-11-12
ACT-034,PAR-013,Presente,True,7.0,2025-11-12
ACT-034,PAR-006,Presente,True,7.0,2025-11-12
ACT-034,PAR-075,Presente,True,7.0,2025-11-12
ACT-034,PAR-089,Presente,True,7.0,2025-11-12
ACT-034,PAR-120,Presente,False,4.55,2025-11-12
ACT-034,PAR-137,Presente,True,7.0,2025-11-12
ACT-034,PAR-021,Ausente,False,0.0,2025-11-12
ACT-034,PAR-065,Ausente,False,0.0,2025-11-12
ACT-034,PAR-076,Presente,True,7.0,2025-11-12
ACT-034,PAR-061,Presente,True,7.0,2025-11-12
ACT-034,PAR-111,Ausente,False,0.0,2025-11-12
ACT-034,PAR-064,Presente,True,7.0,2025-11-12
ACT-034,PAR-060,Presente,True,7.0,2025-11-12
ACT-034,PAR-044,Presente,False,5.77,2025-11-12
ACT-034,PAR-079,Ausente,False,0.0,2025-11-12
ACT-034,PAR-031,Presente,True,7.0,2025-11-12
ACT-034,PAR-080,Ausente,False,0.0,2025-11-12
ACT-034,PAR-054,Ausente,False,0.0,2025-11-12
ACT-034,PAR-058,Presente,True,7.0,2025-11-12
ACT-023,PAR-017,Presente,True,8.0,2025-11-17
ACT-023,PAR-125,Presente,True,8.0,2025-11-17
ACT-023,PAR-003,Presente,False,5.15,2025-11-17
ACT-023,PAR-021,Presente,True,8.0,2025-11-17
ACT-023,PAR-077,Presente,True,8.0,2025-11-17
ACT-023,PAR-060,Presente,True,8.0,2025-11-17
ACT-023,PAR-025,Presente,True,8.0,2025-11-17
ACT-023,PAR-137,Retiro temprano,False,2.41,2025-11-17
ACT-023,PAR-127,Presente,True,8.0,2025-11-17
ACT-023,PAR-079,Presente,True,8.0,2025-11-17
ACT-023,PAR-022,Presente,True,8.0,2025-11-17
ACT-023,PAR-089,Presente,True,8.0,2025-11-17
ACT-023,PAR-013,Presente,True,8.0,2025-11-17
ACT-023,PAR-075,Retiro temprano,False,2.93,2025-11-17
ACT-023,PAR-026,Presente,True,8.0,2025-11-17
ACT-023,PAR-100,Presente,True,8.0,2025-11-17
ACT-023,PAR-058,Presente,False,7.04,2025-11-17
ACT-023,PAR-010,Presente,True,8.0,2025-11-17
ACT-023,PAR-006,Presente,True,8.0,2025-11-17
ACT-023,PAR-076,Retiro temprano,False,2.64,2025-11-17
ACT-023,PAR-033,Presente,True,8.0,2025-11-17
ACT-023,PAR-031,Retiro temprano,False,2.71,2025-11-17
ACT-023,PAR-126,Presente,True,8.0,2025-11-17
ACT-023,PAR-120,Presente,False,5.56,2025-11-17
